round,accuracy,training_time,round_time
1,98.06666666666666,34.487199725583196,52.15682820416987
