round,accuracy,round_time
1,8.550185873605948,30
2,10.037174721189592,60
3,10.037174721189592,90
4,10.037174721189592,120
5,10.037174721189592,150
6,10.037174721189592,180
