round,accuracy,round_time
1,20.18348623853211,20
2,21.406727828746178,40
