round,accuracy,round_time
1,10.28,146.88963437080383
2,10.32,292.7628083229065
3,19.1,441.6711950302124
4,26.78,588.5608294010162
5,40.11,734.4340033531189
6,61,883.3423900604248
7,63.2,1030.2320244312286
8,71.16,1168.2899897098541
9,59.3,1315.179624080658
10,69.88,1464.0880107879639
11,72.49,1612.9963974952698
12,73.99,1761.9047842025757
13,75.89,1907.7779581546783
14,73.68,2047.4494111537933
15,78.99,2188.491770505905
16,86.25,2317.841144800186